{"loss": [3.236029624938965, 2.2021045684814453, 1.5070984363555908, 1.066622018814087, 0.7828513979911804, 0.5947197675704956, 0.46698376536369324, 0.3787705898284912, 0.3182571232318878, 0.27299007773399353, 0.23441222310066223, 0.2034134715795517, 0.18038567900657654, 0.1620425283908844, 0.1484476625919342, 0.13544505834579468, 0.1255221962928772, 0.1183556616306305, 0.11182086914777756, 0.10702724754810333, 0.10251502692699432, 0.10052315145730972, 0.09725338220596313, 0.0942155197262764, 0.09169375151395798, 0.09039866924285889, 0.08920474350452423, 0.08796879649162292, 0.08688092976808548, 0.08603435754776001, 0.08544879406690598, 0.08453208208084106, 0.08369241654872894, 0.08262388408184052, 0.0817093476653099, 0.08112885057926178, 0.08054076880216599, 0.07962674647569656, 0.07899860292673111, 0.07860779762268066, 0.07789435982704163, 0.07720581442117691, 0.07662378996610641, 0.07627633213996887, 0.07592321187257767, 0.07537375390529633, 0.07474573701620102, 0.07443969696760178, 0.0742838904261589, 0.0736805871129036, 0.07340798527002335, 0.07289862632751465, 0.07301429659128189, 0.07227121293544769, 0.07212565839290619, 0.07219251245260239, 0.07156097143888474, 0.07119927555322647, 0.07088819146156311, 0.07030884176492691, 0.07043705880641937, 0.06992710381746292, 0.07007750868797302, 0.06896235048770905, 0.06893366575241089, 0.069174624979496, 0.06857460737228394, 0.06816662102937698, 0.06852847337722778, 0.06832079589366913, 0.06794488430023193, 0.0678696259856224, 0.06732214987277985, 0.06686680018901825, 0.06714072823524475, 0.06684885919094086, 0.06642182916402817, 0.06587275117635727, 0.06638829410076141, 0.06631997227668762, 0.06675884127616882, 0.06634955108165741], "mae": [0.36548280715942383, 0.30599451065063477, 0.29038307070732117, 0.2876797020435333, 0.2827863395214081, 0.28039148449897766, 0.27716538310050964, 0.27443572878837585, 0.2736396789550781, 0.2714664041996002, 0.26801279187202454, 0.2650858163833618, 0.2643730044364929, 0.26197895407676697, 0.2615455985069275, 0.2586957812309265, 0.2578759789466858, 0.25744372606277466, 0.25557246804237366, 0.2547186315059662, 0.2533589005470276, 0.2534709572792053, 0.2513873875141144, 0.25102075934410095, 0.2495289295911789, 0.2488490641117096, 0.24833853542804718, 0.2472759187221527, 0.24648341536521912, 0.2456657439470291, 0.24497032165527344, 0.2433735579252243, 0.2420099973678589, 0.2403961718082428, 0.23896454274654388, 0.2377610206604004, 0.23654498159885406, 0.23496761918067932, 0.2335982620716095, 0.23255878686904907, 0.2311321496963501, 0.22983571887016296, 0.22847898304462433, 0.22764500975608826, 0.22665655612945557, 0.22579239308834076, 0.22423583269119263, 0.22348378598690033, 0.2232307642698288, 0.2217305600643158, 0.22125115990638733, 0.2202354222536087, 0.22000601887702942, 0.21861422061920166, 0.21798071265220642, 0.21786268055438995, 0.2165331244468689, 0.21573111414909363, 0.2149605005979538, 0.21351607143878937, 0.21374467015266418, 0.2126428186893463, 0.2125769853591919, 0.21045632660388947, 0.21053603291511536, 0.2106274515390396, 0.20957419276237488, 0.20867866277694702, 0.20906522870063782, 0.20869165658950806, 0.2078515887260437, 0.20742420852184296, 0.20645678043365479, 0.20564068853855133, 0.20588111877441406, 0.20536907017230988, 0.20451325178146362, 0.20336942374706268, 0.20394495129585266, 0.20387683808803558, 0.20454397797584534, 0.2035534679889679], "val_loss": [2.5540292263031006, 1.7559436559677124, 1.2178988456726074, 0.8861275911331177, 0.6628697514533997, 0.5147798657417297, 0.4128785729408264, 0.34233447909355164, 0.2925224304199219, 0.25299277901649475, 0.22047095000743866, 0.1946156620979309, 0.1748901903629303, 0.1592753827571869, 0.14774654805660248, 0.1376020461320877, 0.13006994128227234, 0.12346307933330536, 0.11855703592300415, 0.11462435126304626, 0.11125031113624573, 0.10825039446353912, 0.10658463090658188, 0.10561732947826385, 0.10438460111618042, 0.10288669914007187, 0.10136111825704575, 0.1010051742196083, 0.1002003625035286, 0.09924633800983429, 0.09909979999065399, 0.0971059650182724, 0.09623679518699646, 0.09581997990608215, 0.09490542858839035, 0.09338130056858063, 0.09235135465860367, 0.09146632999181747, 0.0893610268831253, 0.0885167121887207, 0.08756246417760849, 0.08552312105894089, 0.08487812429666519, 0.08366189897060394, 0.08272916078567505, 0.08228512853384018, 0.08150743693113327, 0.08127070963382721, 0.08007972687482834, 0.07936885207891464, 0.07917321473360062, 0.07916585355997086, 0.07817265391349792, 0.07952213287353516, 0.07797755300998688, 0.07830651849508286, 0.07796452194452286, 0.07821909338235855, 0.07827164232730865, 0.07692385464906693, 0.07790336012840271, 0.07753480970859528, 0.07823958992958069, 0.07715676724910736, 0.07726624608039856, 0.0768352672457695, 0.07612591981887817, 0.07659691572189331, 0.07746104896068573, 0.0768987238407135, 0.0765296071767807, 0.07707395404577255, 0.07659757882356644, 0.07677099108695984, 0.07647867500782013, 0.07618863880634308, 0.07638359069824219, 0.07704644650220871, 0.07645008713006973, 0.07698842883110046, 0.0771804228425026, 0.07676135748624802], "val_mae": [0.2806558310985565, 0.28066253662109375, 0.28067806363105774, 0.28068220615386963, 0.28072264790534973, 0.2806743085384369, 0.28021568059921265, 0.2800901234149933, 0.27975985407829285, 0.2788586914539337, 0.2790142297744751, 0.27865758538246155, 0.2779778838157654, 0.27779242396354675, 0.2768004238605499, 0.27795207500457764, 0.2783379554748535, 0.2770959138870239, 0.2774246037006378, 0.2770974040031433, 0.2770226299762726, 0.2739909589290619, 0.27605488896369934, 0.2776593863964081, 0.2777964472770691, 0.276580274105072, 0.27552366256713867, 0.2759472727775574, 0.2753518223762512, 0.27437442541122437, 0.2745250463485718, 0.2715214788913727, 0.2703946530818939, 0.2699650228023529, 0.26859307289123535, 0.26600587368011475, 0.2643255889415741, 0.2627917528152466, 0.2589317560195923, 0.25739502906799316, 0.2555462419986725, 0.25156909227371216, 0.2505207657814026, 0.24791710078716278, 0.24595694243907928, 0.24508120119571686, 0.24288055300712585, 0.24244065582752228, 0.23941195011138916, 0.23799605667591095, 0.2377612292766571, 0.2364768236875534, 0.23456473648548126, 0.2374637871980667, 0.23320649564266205, 0.23358558118343353, 0.23274166882038116, 0.23288322985172272, 0.2325296252965927, 0.2299077957868576, 0.23123589158058167, 0.2308177500963211, 0.23050476610660553, 0.2312248796224594, 0.2305651158094406, 0.22837431728839874, 0.2278633564710617, 0.2285202443599701, 0.22921517491340637, 0.2272557020187378, 0.2268083542585373, 0.22811704874038696, 0.22809597849845886, 0.22759105265140533, 0.22707848250865936, 0.2265242487192154, 0.22726520895957947, 0.22791431844234467, 0.22594930231571198, 0.22795350849628448, 0.22739078104496002, 0.2254604995250702],